fold,start,end,days,explained_1,explained_2,fit_end
0,2007-05-09,2007-12-31,164,0.5811202478576096,0.20295878022217115,2006-11-22
1,2008-01-02,2008-12-31,253,0.44244132271946396,0.2550740416267864,2007-11-23
2,2009-01-02,2009-12-31,252,0.5630689357475798,0.23788452673022625,2008-11-24
3,2010-01-04,2010-12-31,252,0.4286488812979329,0.26418736723165226,2009-11-24
4,2011-01-03,2011-12-30,252,0.46434332574777193,0.24008808893592734,2010-11-24
5,2012-01-03,2012-12-31,250,0.484051612665301,0.18627697583086983,2011-11-23
6,2013-01-02,2013-12-31,252,0.4692253543107513,0.17871535879833658,2012-11-23
7,2014-01-02,2014-12-31,252,0.36104207771779745,0.2354341463160577,2013-11-22
8,2015-01-02,2015-12-31,252,0.33195642119011215,0.2716330549452308,2014-11-24
9,2016-01-04,2016-12-30,252,0.48131683219128746,0.1787398465307049,2015-11-24
10,2017-01-03,2017-12-29,251,0.41696550001675103,0.27839047077327317,2016-11-23
11,2018-01-02,2018-12-31,251,0.4676171200691402,0.18229263559597061,2017-11-22
12,2019-01-02,2019-12-31,252,0.4197322997147485,0.22641926477512742,2018-11-21
13,2020-01-02,2020-12-31,253,0.2904720224715505,0.2113441083178999,2019-11-22
14,2021-01-04,2021-12-31,252,0.3229228038069747,0.19109463946529467,2020-11-24
15,2022-01-03,2022-12-30,251,0.36605293288415797,0.25235972171491333,2021-11-24
16,2023-01-03,2023-12-29,250,0.25995547444418293,0.20973719269383975,2022-11-23
17,2024-01-02,2024-12-31,252,0.38297603688423554,0.26401065402508284,2023-11-22
18,2025-01-02,2025-12-31,250,0.7204562509501551,0.0960763364397349,2024-11-22
19,2026-01-02,2026-09-30,187,0.49540065065546895,0.20902241179250722,2025-11-24
