spec,k,state,n_runs,median_dwell_days,q1_dwell_days,q3_dwell_days,pooled_median_dwell_days,duration_fail_rate,n_restarts_checked,n_restarts_uncanonicalizable,best_restart_degenerate
H1,2,0,56,10.0,2.0,44.5,9.0,0.05,20,0,False
H1,2,1,57,9.0,2.0,29.0,9.0,0.05,20,0,False
H1,3,0,67,4.0,2.0,31.0,3.0,0.05555555555555555,18,0,False
H1,3,1,97,3.0,2.0,19.0,3.0,0.2222222222222222,18,0,False
H1,3,2,29,2.0,1.0,6.0,3.0,0.8888888888888888,18,0,False
H1,4,0,67,4.0,2.0,31.0,3.0,0.15384615384615385,13,0,True
H1,4,1,93,3.0,2.0,19.0,3.0,0.3076923076923077,13,0,True
H1,4,2,25,2.0,1.0,7.0,3.0,0.7692307692307693,13,0,True
H1,4,3,1,1.0,1.0,1.0,3.0,1.0,13,0,True
H1,5,0,57,8.0,2.0,43.0,3.0,0.6,5,0,True
H1,5,1,88,5.0,1.0,21.25,3.0,0.8,5,0,True
H1,5,2,26,1.0,1.0,1.0,3.0,0.4,5,0,True
H1,5,3,10,1.0,1.0,1.0,3.0,0.8,5,0,True
H1,5,4,7,1.0,1.0,1.0,3.0,1.0,5,0,True
H1,6,0,67,4.0,1.0,30.5,2.0,0.25,4,0,True
H1,6,1,93,4.0,2.0,22.0,2.0,0.25,4,0,True
H1,6,2,9,1.0,1.0,1.0,2.0,1.0,4,0,True
H1,6,3,26,1.0,1.0,3.0,2.0,1.0,4,0,True
H1,6,4,19,1.0,1.0,1.0,2.0,1.0,4,0,True
H1,6,5,3,1.0,1.0,1.0,2.0,1.0,4,0,True
H1,7,0,55,8.0,2.0,47.0,4.5,0.5,2,0,True
H1,7,1,66,8.0,2.0,25.25,4.5,0.5,2,0,True
H1,7,2,5,1.0,1.0,1.0,4.5,0.5,2,0,True
H1,7,3,10,1.0,1.0,1.0,4.5,1.0,2,0,True
H1,7,4,0,nan,nan,nan,4.5,1.0,2,0,True
H1,7,5,0,nan,nan,nan,4.5,1.0,2,0,True
H1,7,6,0,nan,nan,nan,4.5,1.0,2,0,True
H1,8,0,59,8.0,2.0,42.0,2.0,0.0,4,0,True
H1,8,1,82,4.5,1.0,27.0,2.0,0.5,4,0,True
H1,8,2,4,1.0,1.0,1.0,2.0,1.0,4,0,True
H1,8,3,24,1.0,1.0,1.0,2.0,1.0,4,0,True
H1,8,4,13,1.0,1.0,1.0,2.0,1.0,4,0,True
H1,8,5,1,1.0,1.0,1.0,2.0,1.0,4,0,True
H1,8,6,0,nan,nan,nan,2.0,1.0,4,0,True
H1,8,7,0,nan,nan,nan,2.0,1.0,4,0,True
H2,2,0,507,4.0,2.0,9.0,2.0,0.0,20,0,True
H2,2,1,506,1.0,1.0,2.0,2.0,1.0,20,0,True
H2,3,0,669,4.0,2.0,7.0,1.0,0.05,20,0,True
H2,3,1,558,1.0,1.0,1.0,1.0,1.0,20,0,True
H2,3,2,220,1.0,1.0,1.0,1.0,1.0,20,0,True
H2,4,0,358,4.0,2.0,10.0,2.0,0.1111111111111111,18,2,True
H2,4,1,286,1.0,1.0,1.0,2.0,1.0,18,2,True
H2,4,2,178,2.5,1.0,8.0,2.0,0.9444444444444444,18,2,True
H2,4,3,104,1.0,1.0,2.0,2.0,1.0,18,2,True
H2,5,0,744,3.0,1.0,6.0,1.0,0.3,20,0,True
H2,5,1,630,1.0,1.0,1.0,1.0,1.0,20,0,True
H2,5,2,104,1.0,1.0,2.0,1.0,1.0,20,0,True
H2,5,3,115,1.0,1.0,1.0,1.0,1.0,20,0,True
H2,5,4,49,1.0,1.0,1.0,1.0,1.0,20,0,True
H2,6,0,499,4.0,2.0,7.5,1.0,0.42105263157894735,19,1,True
H2,6,1,446,1.0,1.0,1.0,1.0,1.0,19,1,True
H2,6,2,160,3.0,1.0,9.0,1.0,0.8947368421052632,19,1,True
H2,6,3,82,1.0,1.0,2.0,1.0,0.9473684210526315,19,1,True
H2,6,4,32,1.0,1.0,1.0,1.0,1.0,19,1,True
H2,6,5,15,1.0,1.0,1.0,1.0,1.0,19,1,True
H2,7,0,398,4.0,2.0,9.0,1.0,0.3333333333333333,15,5,True
H2,7,1,330,1.0,1.0,1.0,1.0,1.0,15,5,True
H2,7,2,148,3.0,1.0,9.0,1.0,0.9333333333333333,15,5,True
H2,7,3,18,1.0,1.0,1.0,1.0,1.0,15,5,True
H2,7,4,51,1.0,1.0,2.0,1.0,1.0,15,5,True
H2,7,5,21,1.0,1.0,1.0,1.0,1.0,15,5,True
H2,7,6,19,1.0,1.0,1.0,1.0,1.0,15,5,True
H2,8,0,,,,,,0.42857142857142855,14,6,True
H2,8,1,,,,,,1.0,14,6,True
H2,8,2,,,,,,1.0,14,6,True
H2,8,3,,,,,,1.0,14,6,True
H2,8,4,,,,,,1.0,14,6,True
H2,8,5,,,,,,1.0,14,6,True
H2,8,6,,,,,,1.0,14,6,True
H2,8,7,,,,,,1.0,14,6,True
