leg,x,y,metric,diff,ci_lo,ci_hi,ci_excludes_zero_favourably,dsr_x,claimable,identical_by_construction
VT,V2,V1p,sharpe,0.0180400491400389,-0.1258618616274906,0.1829136267215349,False,0.795638153043744,False,False
VT,V2,V1p,max_drawdown,-0.0019920433242761,-0.011521959896598,0.064800946428636,False,0.795638153043744,False,False
VT,V2,V1p,cvar_95,0.0013258967376094,0.0001684490528899,0.0027356134372801,True,0.795638153043744,False,False
VT,V2,C1,sharpe,0.006812978883715,-0.0481526221096613,0.0592240331624622,False,0.795638153043744,False,False
VT,V2,C1,max_drawdown,-0.0029724095166356,-0.0164026445146192,0.0058027368717468,False,0.795638153043744,False,False
VT,V2,C1,cvar_95,-0.0008222172570128,-0.0012905895948288,-0.0003499272225969,False,0.795638153043744,False,False
VT,V3,C2,sharpe,0.0081071834637467,-0.0124073767637791,0.0266156925419092,False,0.8042970363101414,False,False
VT,V3,C2,max_drawdown,0.0009278066622351,-0.0045970399169326,0.0038040672912661,False,0.8042970363101414,False,False
VT,V3,C2,cvar_95,-0.0001966108744703,-0.0004422947786025,4.847868078857189e-05,False,0.8042970363101414,False,False
VT,V3,C3,sharpe,0.002754995594277,-0.0061927013009148,0.0124166105274358,False,0.8042970363101414,False,False
VT,V3,C3,max_drawdown,-0.0002723139116684,-0.0015977391626543,0.0023848073672626,False,0.8042970363101414,False,False
VT,V3,C3,cvar_95,2.4330397532430076e-05,-0.0001653460085566,0.0002113611469292,False,0.8042970363101414,False,False
VT,V4,V2,sharpe,0.0036609493679949,-0.0034003509942489,0.0108747875176809,False,0.7978722825046098,False,False
VT,V4,V2,max_drawdown,-0.000124020564405,-0.0010669926642181,0.0020945674652521,False,0.7978722825046098,False,False
VT,V4,V2,cvar_95,2.566893104705842e-05,-0.0001277729793213,0.0001621657115649,False,0.7978722825046098,False,False
RVT,V2,V1p,sharpe,0.0180400491400389,-0.1258618616274906,0.1829136267215349,False,0.795638153043744,False,True
RVT,V2,V1p,max_drawdown,-0.0019920433242761,-0.011521959896598,0.064800946428636,False,0.795638153043744,False,True
RVT,V2,V1p,cvar_95,0.0013258967376094,0.0001684490528899,0.0027356134372801,True,0.795638153043744,False,True
RVT,V2,C1,sharpe,0.006812978883715,-0.0481526221096613,0.0592240331624622,False,0.795638153043744,False,True
RVT,V2,C1,max_drawdown,-0.0029724095166356,-0.0164026445146192,0.0058027368717468,False,0.795638153043744,False,True
RVT,V2,C1,cvar_95,-0.0008222172570128,-0.0012905895948288,-0.0003499272225969,False,0.795638153043744,False,True
RVT,V3,C2,sharpe,0.1567221921370959,-0.0927034109603299,0.3807084456394648,False,0.8495551143479372,False,False
RVT,V3,C2,max_drawdown,0.0048148301671209,-0.0444767946456616,0.0388666794776643,False,0.8495551143479372,False,False
RVT,V3,C2,cvar_95,-0.0023080939569458,-0.0039367873341743,-0.0009124945732069,False,0.8495551143479372,False,False
RVT,V3,C3,sharpe,0.221226483698797,-0.0140137507590496,0.4413943670377326,False,0.8495551143479372,False,False
RVT,V3,C3,max_drawdown,0.0463733483885608,-0.0066551594281861,0.1162000628013495,False,0.8495551143479372,False,False
RVT,V3,C3,cvar_95,0.0023691513639384,0.0004038564413669,0.0047354615067259,True,0.8495551143479372,False,False
RVT,V4,V2,sharpe,0.0941970285192074,-0.1092839833782082,0.3045009518655194,False,0.8484105556195667,False,False
RVT,V4,V2,max_drawdown,0.0247906418982736,-0.0180281591468932,0.0742529030312867,False,0.8484105556195667,False,False
RVT,V4,V2,cvar_95,0.0015438206439602,5.202349798982257e-06,0.0031627392550817,True,0.8484105556195667,False,False
MV,V2,V1p,sharpe,-0.0342381495774181,-0.2508171168346458,0.2037096649147257,False,0.6558560961657991,False,False
MV,V2,V1p,max_drawdown,0.0067846358219233,-0.0241322646457542,0.0560135514178122,False,0.6558560961657991,False,False
MV,V2,V1p,cvar_95,0.0016420078613035,0.0006584395578903,0.0027351393738789,True,0.6558560961657991,False,False
MV,V2,C1,sharpe,-0.0793023880224818,-0.1675463841704109,0.0084274502013842,False,0.6558560961657991,False,False
MV,V2,C1,max_drawdown,-0.0162219191063256,-0.0343981350017995,0.0004924275854902,False,0.6558560961657991,False,False
MV,V2,C1,cvar_95,-0.0010481930305832,-0.0014995173773101,-0.0005632876432852,False,0.6558560961657991,False,False
MV,V3,C2,sharpe,0.0266643741056119,-0.0128877531970328,0.0666996576408282,False,0.6701402645017855,False,False
MV,V3,C2,max_drawdown,-0.004664986915066,-0.0063423156206082,0.0084461245654091,False,0.6701402645017855,False,False
MV,V3,C2,cvar_95,-0.0001842367401679,-0.0004239960758236,2.139832744465198e-05,False,0.6701402645017855,False,False
MV,V3,C3,sharpe,0.0059028661599947,-0.0084583570995266,0.0210446395938509,False,0.6701402645017855,False,False
MV,V3,C3,max_drawdown,-0.000781677628959,-0.0019554206851598,0.0025239098699402,False,0.6701402645017855,False,False
MV,V3,C3,cvar_95,-5.138211404976875e-06,-0.0001579373185231,0.0001453425386549,False,0.6701402645017855,False,False
MV,V4,V2,sharpe,0.009871692812698,-0.0006208224659104,0.0202450364325863,False,0.6637316749943767,False,False
MV,V4,V2,max_drawdown,-0.0005575431914276,-0.0008041492911068,0.0027525104419548,False,0.6637316749943767,False,False
MV,V4,V2,cvar_95,2.3124263105077023e-05,-0.0001029376919155,0.0001521221621001,False,0.6637316749943767,False,False
