strategy,per_period_sharpe,dsr_n27,dsr_n9,sr0_n27,sr0_n9,trial
V1|VT,0.0387669292422391,0.8016474932334495,0.8343559462984127,0.0142868311872741,0.0107051115646764,True
V1|RVT,0.0387669292422391,0.8016474932334495,0.8343559462984127,0.0142868311872741,0.0107051115646764,True
V1|MV,0.0265396640204577,0.6646352771707584,0.7086431272213641,0.0142868311872741,0.0107051115646764,True
V1p|VT,0.0370100514881855,0.7849234607102499,0.819453351653787,0.0142868311872741,0.0107051115646764,True
V1p|RVT,0.0370100514881855,0.7849234607102499,0.819453351653787,0.0142868311872741,0.0107051115646764,True
V1p|MV,0.0280003863469969,0.6826697910044429,0.7255085419736786,0.0142868311872741,0.0107051115646764,True
V2|VT,0.038146467765898,0.795638153043744,0.8289842794041662,0.0142868311872741,0.0107051115646764,True
V2|RVT,0.038146467765898,0.795638153043744,0.8289842794041662,0.0142868311872741,0.0107051115646764,True
V2|MV,0.025843585653357,0.6558560961657991,0.700387416811675,0.0142868311872741,0.0107051115646764,True
V3|VT,0.0390455811930387,0.8042970363101414,0.8367180343781702,0.0142868311872741,0.0107051115646764,True
V3|RVT,0.0442159389780091,0.8495551143479372,0.8766358401942833,0.0142868311872741,0.0107051115646764,True
V3|MV,0.0269789520593986,0.6701402645017855,0.7138112231704312,0.0142868311872741,0.0107051115646764,True
V4|VT,0.038377085898996,0.7978722825046098,0.8309813597496325,0.0142868311872741,0.0107051115646764,True
V4|RVT,0.0440803228064476,0.8484105556195667,0.875631350152567,0.0142868311872741,0.0107051115646764,True
V4|MV,0.0264654438486337,0.6637316749943767,0.7078023268988662,0.0142868311872741,0.0107051115646764,True
C1|VT,0.037717290436997,0.791235652620468,0.8250148898534231,0.0142868311872741,0.0107051115646764,True
C1|RVT,0.037717290436997,0.791235652620468,0.8250148898534231,0.0142868311872741,0.0107051115646764,True
C1|MV,0.0308391665362387,0.7171128342359602,0.7575846819875378,0.0142868311872741,0.0107051115646764,True
C2|VT,0.0385348766387947,0.7993970540537814,0.8323438842592612,0.0142868311872741,0.0107051115646764,True
C2|RVT,0.0343433688513511,0.7563441924073162,0.7935017793944994,0.0142868311872741,0.0107051115646764,True
C2|MV,0.0252992543749072,0.6489105459511798,0.6938340812537992,0.0142868311872741,0.0107051115646764,True
C3|VT,0.0388720327833831,0.8026575570698833,0.8352578151086854,0.0142868311872741,0.0107051115646764,True
C3|RVT,0.0302799804235258,0.7105198405729879,0.751487023995253,0.0142868311872741,0.0107051115646764,True
C3|MV,0.0266071064431642,0.6654818082668595,0.709438174484625,0.0142868311872741,0.0107051115646764,True
O1|VT,0.0413453405461508,0.8253924597134372,0.8554335224492595,0.0142868311872741,0.0107051115646764,True
O1|RVT,0.0542858897606267,0.916217651650954,0.9336642330886846,0.0142868311872741,0.0107051115646764,True
O1|MV,0.0288250596674575,0.6928718975898607,0.7350561477106184,0.0142868311872741,0.0107051115646764,True
BM|EqualWeight,0.0469065379514274,0.8695402248336693,0.8939226379210994,0.0142868311872741,0.0107051115646764,False
BM|SixtyForty,0.045639859470362,0.8610664744454231,0.8866851037869607,0.0142868311872741,0.0107051115646764,False
BM|MinVariance,0.0386097226236434,0.8006965023013466,0.8335809679265485,0.0142868311872741,0.0107051115646764,False
BM|RiskParity,0.0451190529673823,0.8566551411236311,0.8828152612196083,0.0142868311872741,0.0107051115646764,False
BM|VolTarget,0.0355984670864575,0.7681589792312216,0.8039884504634888,0.0142868311872741,0.0107051115646764,False
BM|BuyHoldSPY,0.0469728188978874,0.8701649002521359,0.8944754689300914,0.0142868311872741,0.0107051115646764,False
