variant,target,n_test,oos_r2,r2_lo,r2_hi,mse,mse_lo,mse_hi,alpha,alpha_at_edge,n_features
V1,fwd_vol_5,1233,0.4430137754123917,0.2007680641244781,0.5399062796393406,0.0109032836978065,0.0047606371411552,0.0227265964075104,10000.0,,184
V1,fwd_vol_20,1233,0.2160253443670515,-0.0566238082636883,0.3794256871666565,0.0116596046341284,0.003679775839768,0.0266353175855369,10000.0,,184
V1,fwd_max_drawdown_20,1233,0.0142702181880076,-0.1118295633291792,0.0901172736731405,0.0015987325748023,0.0005918518667042,0.0033833953537631,100000.0,,184
V1,fwd_corr_20,1233,-0.3167064731233617,-0.94327297058547,0.0830899639485329,0.0473979309181583,0.0336540589111785,0.0638565524230369,1000.0,,184
V1,fwd_ret_20,1233,-4.915614530798251e-05,-0.0001317375866931,1.2391103191944309e-05,0.0030951325149676,0.0016318168818689,0.0057380001618519,100000000.0,upper,184
V1p,fwd_vol_5,1233,0.4101323847304602,-0.0114368460155596,0.5462547170190242,0.0115469533527409,0.0056827301084668,0.0219656755640228,10000.0,,2024
V1p,fwd_vol_20,1233,0.1680862930255102,-0.0884697769180682,0.3312155440830729,0.0123725746021771,0.0038349507860264,0.0283758837729809,100000.0,,2024
V1p,fwd_max_drawdown_20,1233,-0.0183147862800172,-0.146963809359069,0.0622025904047913,0.0016515814478447,0.0006020047231796,0.003516901269087,1000000.0,,2024
V1p,fwd_corr_20,1233,-0.0188950196501107,-0.3760160346077456,0.2275234100375386,0.0366775106980938,0.0267387639203743,0.0475294297603196,100000.0,,2024
V1p,fwd_ret_20,1233,-0.0005069376066659,-0.0012784652565922,8.960044666462522e-05,0.0030965493396078,0.0016318074409663,0.0057422462684431,100000000.0,upper,2024
V2,fwd_vol_5,1233,0.4427353774097048,0.1938218855327131,0.5420971089214209,0.0109087334778374,0.0048377164097597,0.0226811739515277,10000.0,,216
V2,fwd_vol_20,1233,0.2367792077535149,-0.0247723327865583,0.3968263018081157,0.0113509443477554,0.0036272381876424,0.0259339417491558,10000.0,,216
V2,fwd_max_drawdown_20,1233,0.0223244233056351,-0.1000745422049097,0.0963418855350899,0.0015856696438416,0.000589165675963,0.0033572244060842,100000.0,,216
V2,fwd_corr_20,1233,0.1091249059165817,-0.1106037543881927,0.2683628630325698,0.0320691338791023,0.0242734426736928,0.0405574250779569,10000.0,,216
V2,fwd_ret_20,1233,-4.488614706033012e-05,-0.0001332247003892,1.9061142900572695e-05,0.0030951192994068,0.0016318178163606,0.0057379758675531,100000000.0,upper,216
V3,fwd_vol_5,1233,0.4464637499105104,0.2084484710968549,0.5423782309322549,0.0108357487228957,0.0047116538788766,0.0226571122013448,10000.0,,186
V3,fwd_vol_20,1233,0.2213244627103522,-0.0442212674714926,0.3863262452097741,0.0115807938915255,0.0036172916815116,0.0265515445759807,10000.0,,186
V3,fwd_max_drawdown_20,1233,0.0172264247918472,-0.1086924380186122,0.0949341249206505,0.001593937970964,0.0005898889682742,0.0033761276337067,100000.0,,186
V3,fwd_corr_20,1233,-0.3131437975050677,-0.9381641904622804,0.0857490252229004,0.0472696840717377,0.0334855449322217,0.0635769591343236,1000.0,,186
V3,fwd_ret_20,1233,-4.965637461373795e-05,-0.0001324887944458,1.207057055622183e-05,0.0030951340631675,0.0016318174272538,0.0057380019487285,100000000.0,upper,186
V4,fwd_vol_5,1233,0.44585656953356,0.2017879044935659,0.5441859219928074,0.0108476345822104,0.0047961902018644,0.0226283234383353,10000.0,,218
V4,fwd_vol_20,1233,0.2411773227226608,-0.0155027900296413,0.404012808131173,0.0112855337106803,0.0035750633616661,0.0258287055171458,10000.0,,218
V4,fwd_max_drawdown_20,1233,0.0251231820995443,-0.0966916406306645,0.100826294306348,0.0015811304010031,0.0005863790091629,0.0033504727951705,100000.0,,218
V4,fwd_corr_20,1233,0.1145789747386221,-0.101901920770439,0.2737048255210969,0.0318728019079859,0.0241360610965119,0.0403245823896117,10000.0,,218
V4,fwd_ret_20,1233,-4.5386295002280974e-05,-0.000134323484169,1.8649061589739985e-05,0.0030951208473549,0.0016318183614975,0.0057379776538973,100000000.0,upper,218
C1,fwd_vol_5,1233,0.4611662683681073,0.2413293433830654,0.5573418897939508,0.010547939576567,0.0046444553800631,0.0220541769098598,10000.0,,216
C1,fwd_vol_20,1233,0.2468282669474949,0.1034768333247493,0.4573441756826562,0.0112014904638768,0.0029772540922175,0.0270382861173581,100000.0,,216
C1,fwd_max_drawdown_20,1233,0.0176454042745551,-0.1143835145036183,0.0921346863593562,0.0015932584377293,0.0006000279933939,0.0033610516476207,100000.0,,216
C1,fwd_corr_20,1233,-0.0179736185325949,-0.3184179131640227,0.1975508700125329,0.0366443427085629,0.0273632179424995,0.0466497793290039,10000.0,,216
C1,fwd_ret_20,1233,-4.44794411560423e-05,-0.0001261468953374,1.873012904656801e-05,0.00309511804066,0.0016317988295959,0.0057379802966795,100000000.0,upper,216
C2,fwd_vol_5,1233,0.449147622391035,0.2165348920830033,0.5458547662707901,0.0107832105778356,0.0046793876902158,0.0226431871302986,10000.0,,186
C2,fwd_vol_20,1233,0.2223562764005844,-0.0380334700302455,0.3877256504479545,0.0115654483193214,0.003592785622517,0.0265528606126252,10000.0,,186
C2,fwd_max_drawdown_20,1233,0.0158896644691598,-0.1106948365257991,0.0926362661903747,0.0015961060319397,0.0005920179540677,0.0033787558983763,100000.0,,186
C2,fwd_corr_20,1233,-0.3230471976508795,-0.9440803627901084,0.0705142592685308,0.0476261801363865,0.0338320101725162,0.0638084838675208,1000.0,,186
C2,fwd_ret_20,1233,-4.922804696505523e-05,-0.0001312573017568,1.1428399143864603e-05,0.0030951327375018,0.0016318155276894,0.005737998951387,100000000.0,upper,186
C3,fwd_vol_5,1233,0.443293554691494,0.2011403260419679,0.5401783297692327,0.0108978068785996,0.0047665174652332,0.0227113414008987,10000.0,,186
C3,fwd_vol_20,1233,0.2164647465782215,-0.0564646737695403,0.3799192908858889,0.0116530696574927,0.0036867460923867,0.0266152679598793,10000.0,,186
C3,fwd_max_drawdown_20,1233,0.0143562404175368,-0.1119271873916219,0.0902757132812041,0.0015985930573168,0.0005918532377726,0.0033831406193805,100000.0,,186
C3,fwd_corr_20,1233,-0.3170709089608101,-0.9440982925983809,0.0825588795501926,0.0474110496389971,0.0336442666623216,0.0638619016650353,1000.0,,186
C3,fwd_ret_20,1233,-4.915486024259508e-05,-0.0001317513494089,1.234826855023846e-05,0.0030951325109903,0.0016318168367421,0.0057379997775946,100000000.0,upper,186
O1,fwd_vol_5,1233,0.4640081667355277,0.2544830131931326,0.5582096651539357,0.0104923079957981,0.0044207098559547,0.0223548133995492,10000.0,,186
O1,fwd_vol_20,1233,0.2384597057324375,-0.0132062944072972,0.4062645712849378,0.011325951266816,0.0034154262107532,0.0262199954779964,10000.0,,186
O1,fwd_max_drawdown_20,1233,0.0206271261204632,-0.1038193329024374,0.0993985930012713,0.0015884224513038,0.0005879284873251,0.0033685800301653,100000.0,,186
O1,fwd_corr_20,1233,-0.2395325756565036,-0.7994672230291586,0.133281473175975,0.0446198758728738,0.031943622241913,0.0594554697051007,1000.0,,186
O1,fwd_ret_20,1233,-4.939483496779751e-05,-0.0001333429579232,1.2784846924834823e-05,0.0030951332537074,0.0016318180699525,0.00573800274972,100000000.0,upper,186
