episode,peak,trough,recovery,depth,recovered,strategy,decline_return,recovery_return,max_drawdown_in_episode,n_decline_sessions
1,2020-02-19,2020-03-23,2020-08-10,-0.3371725063561864,True,V1|VT,-0.1674473657655534,0.1084914154917986,-0.1674473657655534,23.0
1,2020-02-19,2020-03-23,2020-08-10,-0.3371725063561864,True,V1|RVT,-0.1674473657655534,0.1084914154917986,-0.1674473657655534,23.0
1,2020-02-19,2020-03-23,2020-08-10,-0.3371725063561864,True,V1|MV,-0.0697015737770119,0.0833046071580363,-0.077387661119317,23.0
1,2020-02-19,2020-03-23,2020-08-10,-0.3371725063561864,True,V1p|VT,-0.1658510607210525,0.1004360248386204,-0.1658510607210525,23.0
1,2020-02-19,2020-03-23,2020-08-10,-0.3371725063561864,True,V1p|RVT,-0.1658510607210525,0.1004360248386204,-0.1658510607210525,23.0
1,2020-02-19,2020-03-23,2020-08-10,-0.3371725063561864,True,V1p|MV,-0.0643515582248487,0.0858770157302397,-0.0780385065688783,23.0
1,2020-02-19,2020-03-23,2020-08-10,-0.3371725063561864,True,V2|VT,-0.1658312933042278,0.1075565193780911,-0.1658312933042278,23.0
1,2020-02-19,2020-03-23,2020-08-10,-0.3371725063561864,True,V2|RVT,-0.1658312933042278,0.1075565193780911,-0.1658312933042278,23.0
1,2020-02-19,2020-03-23,2020-08-10,-0.3371725063561864,True,V2|MV,-0.0694420260540182,0.0797642695631593,-0.0772031719151737,23.0
1,2020-02-19,2020-03-23,2020-08-10,-0.3371725063561864,True,V3|VT,-0.1675775645382498,0.109252387906622,-0.1675775645382498,23.0
1,2020-02-19,2020-03-23,2020-08-10,-0.3371725063561864,True,V3|RVT,-0.1419205629528653,0.0979344773551544,-0.1419205629528653,23.0
1,2020-02-19,2020-03-23,2020-08-10,-0.3371725063561864,True,V3|MV,-0.0694915427215568,0.0834462375183549,-0.077246373767116,23.0
1,2020-02-19,2020-03-23,2020-08-10,-0.3371725063561864,True,V4|VT,-0.1659756929201755,0.1082796165922059,-0.1659756929201755,23.0
1,2020-02-19,2020-03-23,2020-08-10,-0.3371725063561864,True,V4|RVT,-0.1410594795423239,0.0960244719485521,-0.1410594795423239,23.0
1,2020-02-19,2020-03-23,2020-08-10,-0.3371725063561864,True,V4|MV,-0.0693474154564608,0.0800333239282149,-0.0771728850958919,23.0
1,2020-02-19,2020-03-23,2020-08-10,-0.3371725063561864,True,C1|VT,-0.1633248795886898,0.1054204873130202,-0.1633248795886898,23.0
1,2020-02-19,2020-03-23,2020-08-10,-0.3371725063561864,True,C1|RVT,-0.1633248795886898,0.1054204873130202,-0.1633248795886898,23.0
1,2020-02-19,2020-03-23,2020-08-10,-0.3371725063561864,True,C1|MV,-0.0684814667786947,0.0732212736200303,-0.0769142484772873,23.0
1,2020-02-19,2020-03-23,2020-08-10,-0.3371725063561864,True,C2|VT,-0.1681892351284053,0.1078437952277013,-0.1681892351284053,23.0
1,2020-02-19,2020-03-23,2020-08-10,-0.3371725063561864,True,C2|RVT,-0.1408223291498851,0.0640210389734983,-0.1408223291498851,23.0
1,2020-02-19,2020-03-23,2020-08-10,-0.3371725063561864,True,C2|MV,-0.0694183981304568,0.0810996619696611,-0.077219443791537,23.0
1,2020-02-19,2020-03-23,2020-08-10,-0.3371725063561864,True,C3|VT,-0.1672690097215723,0.1085078194010014,-0.1672690097215723,23.0
1,2020-02-19,2020-03-23,2020-08-10,-0.3371725063561864,True,C3|RVT,-0.189554860056602,0.1025063473238174,-0.189554860056602,23.0
1,2020-02-19,2020-03-23,2020-08-10,-0.3371725063561864,True,C3|MV,-0.0696680536468686,0.0832303196917105,-0.0773436803994546,23.0
1,2020-02-19,2020-03-23,2020-08-10,-0.3371725063561864,True,O1|VT,-0.1647087133953768,0.1117760644574237,-0.1647087133953768,23.0
1,2020-02-19,2020-03-23,2020-08-10,-0.3371725063561864,True,O1|RVT,-0.1244093989030191,0.1046249878774385,-0.1244093989030191,23.0
1,2020-02-19,2020-03-23,2020-08-10,-0.3371725063561864,True,O1|MV,-0.0699394933682734,0.0839898779700687,-0.0778386033848209,23.0
1,2020-02-19,2020-03-23,2020-08-10,-0.3371725063561864,True,BM|EqualWeight,-0.2573761067342156,0.378849156044946,-0.2573761067342156,23.0
1,2020-02-19,2020-03-23,2020-08-10,-0.3371725063561864,True,BM|SixtyForty,-0.194106934189931,0.298214015509243,-0.194106934189931,23.0
1,2020-02-19,2020-03-23,2020-08-10,-0.3371725063561864,True,BM|MinVariance,-0.0319811554678779,0.0514631889371606,-0.0478564908740003,23.0
1,2020-02-19,2020-03-23,2020-08-10,-0.3371725063561864,True,BM|RiskParity,-0.1314316055315454,0.1825556964053476,-0.1318432775336743,23.0
1,2020-02-19,2020-03-23,2020-08-10,-0.3371725063561864,True,BM|VolTarget,-0.2263757165429876,0.09797617782343,-0.2263757165429876,23.0
1,2020-02-19,2020-03-23,2020-08-10,-0.3371725063561864,True,BM|BuyHoldSPY,-0.3371725063561863,0.5117590583953249,-0.3371725063561863,23.0
2,2022-01-03,2022-10-12,,-0.2449637690850988,False,V1|VT,-0.117296074595609,0.100639561518022,-0.1290891684909609,195.0
2,2022-01-03,2022-10-12,,-0.2449637690850988,False,V1|RVT,-0.117296074595609,0.100639561518022,-0.1290891684909609,195.0
2,2022-01-03,2022-10-12,,-0.2449637690850988,False,V1|MV,0.013219105825208,0.0328297192135711,-0.0604343586747015,195.0
2,2022-01-03,2022-10-12,,-0.2449637690850988,False,V1p|VT,-0.151412235037799,0.1235089429317168,-0.1650350015276832,195.0
2,2022-01-03,2022-10-12,,-0.2449637690850988,False,V1p|RVT,-0.151412235037799,0.1235089429317168,-0.1650350015276832,195.0
2,2022-01-03,2022-10-12,,-0.2449637690850988,False,V1p|MV,-0.0053133255161924,0.0552764187632524,-0.0880992277711237,195.0
2,2022-01-03,2022-10-12,,-0.2449637690850988,False,V2|VT,-0.1161938546578842,0.0980820860486488,-0.1289281826784541,195.0
2,2022-01-03,2022-10-12,,-0.2449637690850988,False,V2|RVT,-0.1161938546578842,0.0980820860486488,-0.1289281826784541,195.0
2,2022-01-03,2022-10-12,,-0.2449637690850988,False,V2|MV,0.0141918131229386,0.0321860837996383,-0.0600376215551663,195.0
2,2022-01-03,2022-10-12,,-0.2449637690850988,False,V3|VT,-0.1163562576727474,0.1014860032204003,-0.1272941281867888,195.0
2,2022-01-03,2022-10-12,,-0.2449637690850988,False,V3|RVT,-0.0843056737898341,0.0833607370942557,-0.0941480998125037,195.0
2,2022-01-03,2022-10-12,,-0.2449637690850988,False,V3|MV,0.013472959776595,0.0328502807314223,-0.0600180992224119,195.0
2,2022-01-03,2022-10-12,,-0.2449637690850988,False,V4|VT,-0.115428974775421,0.0988652593672543,-0.1274448989107938,195.0
2,2022-01-03,2022-10-12,,-0.2449637690850988,False,V4|RVT,-0.0833590663246202,0.0822001850664111,-0.0928290343891233,195.0
2,2022-01-03,2022-10-12,,-0.2449637690850988,False,V4|MV,0.015713487540359,0.0322870248298075,-0.0590645813533445,195.0
2,2022-01-03,2022-10-12,,-0.2449637690850988,False,C1|VT,-0.1140441808098944,0.0951203917123755,-0.1233179403634238,195.0
2,2022-01-03,2022-10-12,,-0.2449637690850988,False,C1|RVT,-0.1140441808098944,0.0951203917123755,-0.1233179403634238,195.0
2,2022-01-03,2022-10-12,,-0.2449637690850988,False,C1|MV,0.0162094059312174,0.0374976566126294,-0.0559313005272368,195.0
2,2022-01-03,2022-10-12,,-0.2449637690850988,False,C2|VT,-0.1152406664165217,0.101767517757171,-0.1273819227260741,195.0
2,2022-01-03,2022-10-12,,-0.2449637690850988,False,C2|RVT,-0.0691376049396721,0.0871651975376839,-0.0787993767191685,195.0
2,2022-01-03,2022-10-12,,-0.2449637690850988,False,C2|MV,0.013081381887019,0.0346253796597648,-0.0592409558062554,195.0
2,2022-01-03,2022-10-12,,-0.2449637690850988,False,C3|VT,-0.1174693003872969,0.1003604982842809,-0.1291726596723645,195.0
2,2022-01-03,2022-10-12,,-0.2449637690850988,False,C3|RVT,-0.0975169082933168,0.1053891018169888,-0.1153738291184355,195.0
2,2022-01-03,2022-10-12,,-0.2449637690850988,False,C3|MV,0.0123733973561179,0.0325509204211191,-0.0605435527607637,195.0
2,2022-01-03,2022-10-12,,-0.2449637690850988,False,O1|VT,-0.1122083571195836,0.1059306754682403,-0.1233838693267598,195.0
2,2022-01-03,2022-10-12,,-0.2449637690850988,False,O1|RVT,-0.0721457988625028,0.1000259209453588,-0.0916711499024645,195.0
2,2022-01-03,2022-10-12,,-0.2449637690850988,False,O1|MV,0.0181973810158455,0.0356487666966898,-0.0553827872921862,195.0
2,2022-01-03,2022-10-12,,-0.2449637690850988,False,BM|EqualWeight,-0.1413067054668209,0.149223129969451,-0.1515723934290134,195.0
2,2022-01-03,2022-10-12,,-0.2449637690850988,False,BM|SixtyForty,-0.2064185593475412,0.173494785129286,-0.2081279233925692,195.0
2,2022-01-03,2022-10-12,,-0.2449637690850988,False,BM|MinVariance,-0.0570115520547442,0.0531060748706935,-0.0647230487000123,195.0
2,2022-01-03,2022-10-12,,-0.2449637690850988,False,BM|RiskParity,-0.1138514020599701,0.1011466358728663,-0.119424904663875,195.0
2,2022-01-03,2022-10-12,,-0.2449637690850988,False,BM|VolTarget,-0.0864853688236296,0.1036244255131035,-0.0998754348464319,195.0
2,2022-01-03,2022-10-12,,-0.2449637690850988,False,BM|BuyHoldSPY,-0.2449637690850992,0.2962277191387952,-0.2449637690850992,195.0
