strategy,cost_bps,sharpe,annualised_return,max_drawdown
V1|VT,0.0,0.6367119361237829,0.0696112781871751,-0.1679348670303631
V1|RVT,0.0,0.6367119361237829,0.0696112781871751,-0.1679348670303631
V1|MV,0.0,0.4903871751469658,0.0335675548195539,-0.1024374419243911
V1p|VT,0.0,0.608720995302037,0.0697712775646983,-0.1655291704996659
V1p|RVT,0.0,0.608720995302037,0.0697712775646983,-0.1655291704996659
V1p|MV,0.0,0.5148751588297956,0.0388322460795298,-0.1050766387567496
V2|VT,0.0,0.6270477608810014,0.0674031123854572,-0.1672121540205308
V2|RVT,0.0,0.6270477608810014,0.0674031123854572,-0.1672121540205308
V2|MV,0.0,0.4801689663841449,0.0318968571483884,-0.0999248857068736
V3|VT,0.0,0.6411538869347179,0.0700954995009157,-0.1680481796625917
V3|RVT,0.0,0.7303420145767957,0.0754353244540109,-0.1425256199542616
V3|MV,0.0,0.497699480018665,0.034116758925649,-0.1029276209211735
V4|VT,0.0,0.6307303738119747,0.0678184821203995,-0.1673366840580367
V4|RVT,0.0,0.7286245125647892,0.0744925610071827,-0.1423696478596777
V4|MV,0.0,0.4903737843077794,0.0326372846790845,-0.1004687673815072
C1|VT,0.0,0.6211497534477468,0.0639167054734604,-0.1642546647733962
C1|RVT,0.0,0.6211497534477468,0.0639167054734604,-0.1642546647733962
C1|MV,0.0,0.5631427907076273,0.0354497428227711,-0.0840836517417489
C2|VT,0.0,0.63314778051468,0.0684435314443501,-0.1689626263717221
C2|RVT,0.0,0.574669484205221,0.0496374854550956,-0.1471130523534722
C2|MV,0.0,0.4725417232430103,0.0317628107719694,-0.0973708886954444
C3|VT,0.0,0.6383581465569341,0.0697828966102795,-0.1677745149534288
C3|RVT,0.0,0.5156168504303329,0.0561657816721521,-0.1892337382363624
C3|MV,0.0,0.4913098151302046,0.0335917752281731,-0.1021713344425415
O1|VT,0.0,0.6773636005770832,0.0736749133915244,-0.1651609322525682
O1|RVT,0.0,0.8871192147967805,0.0887870663909939,-0.1250955063372582
O1|MV,0.0,0.5277104173363434,0.0361705706689463,-0.1036782183863807
BM|EqualWeight,0.0,0.7467332778665383,0.1018401541698108,-0.2573281224015981
BM|SixtyForty,0.0,0.7263396218977877,0.0873779386313176,-0.2115152044593068
BM|MinVariance,0.0,0.6397523157359624,0.0179159554620724,-0.0655200757657944
BM|RiskParity,0.0,0.7217560409197222,0.0547236373995831,-0.1317536259962728
BM|VolTarget,0.0,0.5718767386650389,0.0601192472211837,-0.2260942226588894
BM|BuyHoldSPY,0.0,0.7461571019738776,0.1446098046014108,-0.3371725063561864
V1|VT,5.0,0.6154059232116147,0.0669542934042333,-0.1685366701065218
V1|RVT,5.0,0.6154059232116147,0.0669542934042333,-0.1685366701065218
V1|MV,5.0,0.421304105264039,0.0283818775255291,-0.105499783185925
V1p|VT,5.0,0.5875163534846087,0.0669634659162139,-0.1658510607210521
V1p|RVT,5.0,0.5875163534846087,0.0669634659162139,-0.1658510607210521
V1p|MV,5.0,0.4444923533272942,0.0329756913837131,-0.1097005518632667
V2|VT,5.0,0.6055564026246477,0.0647730990694479,-0.1678431040453283
V2|RVT,5.0,0.6055564026246477,0.0647730990694479,-0.1678431040453283
V2|MV,5.0,0.4102542037498761,0.0268104727832487,-0.1029159160413434
V3|VT,5.0,0.6198293857965672,0.0674377341885652,-0.1686501012334768
V3|RVT,5.0,0.7019062711261186,0.0721305060112067,-0.143181511668041
V3|MV,5.0,0.428277586693816,0.0289030534526124,-0.1059989215174322
V4|VT,5.0,0.6092173519926427,0.0651861669623594,-0.1679671246097334
V4|RVT,5.0,0.6997534311438551,0.0711740699515837,-0.1430524621470547
V4|MV,5.0,0.4201258965625741,0.0275234816205653,-0.103473459232771
C1|VT,5.0,0.5987434237409327,0.0613061452384982,-0.1648706945286926
C1|RVT,5.0,0.5987434237409327,0.0613061452384982,-0.1648706945286926
C1|MV,5.0,0.4895565917723579,0.0304458752136971,-0.0866939969350177
C2|VT,5.0,0.6117222023328205,0.065804058701401,-0.1695779078957119
C2|RVT,5.0,0.5451840789890227,0.0467846302877719,-0.1479963418351619
C2|MV,5.0,0.4016132125882041,0.0265296641028836,-0.1013339346023662
C3|VT,5.0,0.6170743902022902,0.0671298249293264,-0.1683777873218083
C3|RVT,5.0,0.4806797874273216,0.0517315504814495,-0.1895548600566019
C3|MV,5.0,0.4223747205338212,0.0284246372522765,-0.1052172438884732
O1|VT,5.0,0.6563369337383431,0.0710835167496517,-0.1657689936280734
O1|RVT,5.0,0.8617617840389157,0.0859851630921424,-0.1257751342541746
O1|MV,5.0,0.4575836364401446,0.0309240224568534,-0.1067848296976891
BM|EqualWeight,5.0,0.7446182056949405,0.1015076487834145,-0.2573761067342154
BM|SixtyForty,5.0,0.7245103081830844,0.087128892253383,-0.2116077432904379
BM|MinVariance,5.0,0.6129103455080689,0.0171414185636595,-0.0660480065788478
BM|RiskParity,5.0,0.7162427612546679,0.0542722050355075,-0.1318432775336749
BM|VolTarget,5.0,0.5651081457953088,0.059304650109883,-0.2263757165429872
BM|BuyHoldSPY,5.0,0.745670383100911,0.1444925395500342,-0.3371725063561861
V1|VT,10.0,0.5940833947102313,0.064303634479371,-0.1691381404162134
V1|RVT,10.0,0.5940833947102313,0.064303634479371,-0.1691381404162134
V1|MV,10.0,0.3521421599519107,0.0232213861855397,-0.1085521620858688
V1p|VT,10.0,0.5662915222060729,0.064162705934361,-0.1664931671648186
V1p|RVT,10.0,0.5662915222060729,0.064162705934361,-0.1664931671648186
V1p|MV,10.0,0.3740357640393972,0.0271511287265691,-0.1143013786792722
V2|VT,10.0,0.5840499680494304,0.0621492974271795,-0.1684736738866057
V2|RVT,10.0,0.5840499680494304,0.0621492974271795,-0.1684736738866057
V2|MV,10.0,0.3402546507444285,0.0217483590796834,-0.1058974668468113
V3|VT,10.0,0.5984881759856983,0.0647862933371068,-0.1692516919793572
V3|RVT,10.0,0.6734255101913682,0.0688353230948835,-0.1438370779591882
V3|MV,10.0,0.3587757460313887,0.0237147925437439,-0.109060202316761
V4|VT,10.0,0.5876890427272479,0.0625600697528114,-0.1685971877764723
V4|RVT,10.0,0.6708357396062546,0.0678653102484705,-0.1437349156682015
V4|MV,10.0,0.3497914854880765,0.0224341930655456,-0.1064685849743815
C1|VT,10.0,0.576321724215526,0.0587017315007791,-0.165486370303969
C1|RVT,10.0,0.576321724215526,0.0587017315007791,-0.165486370303969
C1|MV,10.0,0.4158516609406582,0.025465406252713,-0.089297293572057
C2|VT,10.0,0.5902795601582854,0.0631708350696556,-0.1701928461904903
C2|RVT,10.0,0.5156413781160767,0.0439390176457932,-0.1488790012926555
C2|MV,10.0,0.3305991212300663,0.0213222027633988,-0.1106210830021846
C3|VT,10.0,0.5957742803123719,0.0644830592875185,-0.1689807252655045
C3|RVT,10.0,0.4456983519849044,0.047315237868331,-0.1898759325115878
C3|MV,10.0,0.3533619920490616,0.023282505420523,-0.1082533003082449
O1|VT,10.0,0.6352956290444096,0.0684981091314427,-0.1663767133532743
O1|RVT,10.0,0.8363788463158348,0.0831900772320877,-0.1264543546054419
O1|MV,10.0,0.387367544312667,0.0257031846813609,-0.1098811972757126
BM|EqualWeight,10.0,0.7425013757382543,0.1011751861003307,-0.2574240887363163
BM|SixtyForty,10.0,0.7226787532024133,0.0868798464797504,-0.2117002716749422
BM|MinVariance,10.0,0.5860465024783262,0.0163674348567146,-0.0665756468797623
BM|RiskParity,10.0,0.7107237122808184,0.0538209087326375,-0.1319329218887731
BM|VolTarget,10.0,0.558337656634563,0.0584906386288435,-0.226657143805449
BM|BuyHoldSPY,10.0,0.745182809091494,0.1443752278504142,-0.3371725063561864
V1|VT,20.0,0.551393190416506,0.0590212365180049,-0.1703400832764972
V1|RVT,20.0,0.551393190416506,0.0590212365180049,-0.1703400832764972
V1|MV,20.0,0.2136938268105185,0.012975488427023,-0.1246173540792061
V1p|VT,20.0,0.5237857938927362,0.0585822732373528,-0.1694023560348386
V1p|RVT,20.0,0.5237857938927362,0.0585822732373528,-0.1694023560348386
V1p|MV,20.0,0.2330159846510482,0.0155973033276217,-0.1234342181352382
V2|VT,20.0,0.5409963728939606,0.0569202729593154,-0.1697336737302275
V2|RVT,20.0,0.5409963728939606,0.0569202729593154,-0.1697336737302275
V2|MV,20.0,0.2001173335061168,0.0116964958640619,-0.1190017219933335
V3|VT,20.0,0.5557600825554054,0.0595023273923644,-0.1704538815249765
V3|RVT,20.0,0.6163420936014815,0.0622737573475005,-0.145147234647633
V3|MV,20.0,0.219646205948657,0.0134141243283898,-0.1234357025165898
V4|VT,20.0,0.5445911200019738,0.0573264729294624,-0.1698561826513595
V4|RVT,20.0,0.612874088135775,0.0612768766353222,-0.1450987408586285
V4|MV,20.0,0.2089810888375322,0.0123287050988047,-0.1182137301956333
C1|VT,20.0,0.5314371821885931,0.0535112880171118,-0.1667166605220561
C1|RVT,20.0,0.5314371821885931,0.0535112880171118,-0.1667166605220561
C1|MV,20.0,0.2682233059306995,0.0155742413936998,-0.1060520382731288
C2|VT,20.0,0.5473475655426779,0.0579230784736728,-0.1714216936395786
C2|RVT,20.0,0.4564032335366638,0.0382694513386683,-0.1506424311620361
C2|MV,20.0,0.1884370546575189,0.0109838488282494,-0.1289133645595107
C3|VT,20.0,0.5531293892114096,0.0592083887143291,-0.1701855984225431
C3|RVT,20.0,0.3756196143716537,0.0385360900663418,-0.1905179293391207
C3|MV,20.0,0.2152150095767388,0.0130727922912872,-0.1233374719060691
O1|VT,20.0,0.593173439407013,0.063345207998428,-0.1675911284134142
O1|RVT,20.0,0.7855464152264018,0.0776202951447286,-0.1278115733089405
O1|MV,20.0,0.2467856997869506,0.0153381534232139,-0.1202690887173151
BM|EqualWeight,20.0,0.738262507551895,0.1005103887056437,-0.2575200457492861
BM|SixtyForty,20.0,0.7190089923084875,0.0863817566251143,-0.2118852971086047
BM|MinVariance,20.0,0.5322665642014502,0.0148211254932786,-0.068063314499443
BM|RiskParity,20.0,0.6996688956464363,0.0529187240567048,-0.1321121890537162
BM|VolTarget,20.0,0.5447912168180292,0.0568643709680818,-0.2272197985010875
BM|BuyHoldSPY,20.0,0.7442051024605539,0.1441404643387254,-0.3371725063561865
