x,y,target,mean_d,ci_lo,ci_hi,verdict,delta_r2,delta_r2_lo,delta_r2_hi,x_mse,x_mse_lo,x_mse_hi,y_mse,y_mse_lo,y_mse_hi,spec_verdict,primary
V2,C1,fwd_vol_5,0.0003607939012703,2.7389880984662637e-05,0.0007378093546064,adverse,-0.0184308909584025,-0.0376904479675567,-0.0013991919154245,0.0109087334778374,0.0048377164097597,0.0226811739515277,0.010547939576567,0.0046444553800631,0.0220541769098598,indeterminate,True
V2,C1,fwd_vol_20,0.0001494538838786,-0.001709515979973,0.001633799361938,indeterminate,-0.01004905919398,-0.1098542645605315,0.1149453385216379,0.0113509443477554,0.0036272381876424,0.0259339417491558,0.0112014904638768,0.0029772540922175,0.0270382861173581,indeterminate,True
V2,C1,fwd_max_drawdown_20,-7.588793887668467e-06,-1.9565173927424543e-05,4.5030950079806485e-06,indeterminate,0.00467901903108,-0.0027764711432393,0.0120632899651641,0.0015856696438416,0.000589165675963,0.0033572244060842,0.0015932584377293,0.0006000279933939,0.0033610516476207,indeterminate,True
V2,C1,fwd_corr_20,-0.0045752088294606,-0.0080567564685845,-0.0015075646437343,favourable,0.1270985244491767,0.0418798898307282,0.2238153267255737,0.0320691338791023,0.0242734426736928,0.0405574250779569,0.0366443427085629,0.0273632179424995,0.0466497793290039,indeterminate,True
V2,C1,fwd_ret_20,1.2587467939857299e-09,-3.0452140394601355e-08,2.9855813115905146e-08,indeterminate,-4.0670590452544867e-07,-9.646527432414348e-06,9.839203057436112e-06,0.0030951192994068,0.0016318178163606,0.0057379758675531,0.00309511804066,0.0016317988295959,0.0057379802966795,indeterminate,False
V2,V1p,fwd_vol_5,-0.0006382198749035,-0.0022283223647125,0.0009590850630693,indeterminate,0.0326029926792445,-0.04899415471,0.1138322083039121,0.0109087334778374,0.0048377164097597,0.0226811739515277,0.0115469533527409,0.0056827301084668,0.0219656755640228,indeterminate,True
V2,V1p,fwd_vol_20,-0.0010216302544216,-0.002669447694184,-8.332686787258317e-05,favourable,0.0686929147280046,0.0056027759598439,0.1794897342104001,0.0113509443477554,0.0036272381876424,0.0259339417491558,0.0123725746021771,0.0038349507860264,0.0283758837729809,indeterminate,True
V2,V1p,fwd_max_drawdown_20,-6.591180400309048e-05,-0.0001637776828875,-9.044707103052125e-06,favourable,0.0406392095856522,0.005576690748512,0.1009803278940554,0.0015856696438416,0.000589165675963,0.0033572244060842,0.0016515814478447,0.0006020047231796,0.003516901269087,indeterminate,True
V2,V1p,fwd_corr_20,-0.0046083768189915,-0.0087045752851132,-0.0012631740096556,favourable,0.1280199255666923,0.0350907595115625,0.2418116234543762,0.0320691338791023,0.0242734426736928,0.0405574250779569,0.0366775106980938,0.0267387639203743,0.0475294297603196,indeterminate,True
V2,V1p,fwd_ret_20,-1.4300402009498977e-06,-4.014200276122995e-06,1.620659083124463e-07,indeterminate,0.0004620514596056,-5.236411496568161e-05,0.0012970034657068,0.0030951192994068,0.0016318178163606,0.0057379758675531,0.0030965493396078,0.0016318074409663,0.0057422462684431,indeterminate,False
V3,C2,fwd_vol_5,5.25381450601603e-05,-7.4484025072797e-06,0.0001152325720328,indeterminate,-0.0026838724805245,-0.005886571149113,0.0003804961612228,0.0108357487228957,0.0047116538788766,0.0226571122013448,0.0107832105778356,0.0046793876902158,0.0226431871302986,indeterminate,True
V3,C2,fwd_vol_20,1.5345572204083547e-05,-2.3176299630472163e-05,5.876079700388181e-05,indeterminate,-0.001031813690232,-0.0039509895096266,0.0015583402775478,0.0115807938915255,0.0036172916815116,0.0265515445759807,0.0115654483193214,0.003592785622517,0.0265528606126252,indeterminate,True
V3,C2,fwd_max_drawdown_20,-2.1680609757523317e-06,-4.821050637190105e-06,7.235157078038579e-07,indeterminate,0.0013367603226872,-0.0004460977351882,0.0029725128940276,0.001593937970964,0.0005898889682742,0.0033761276337067,0.0015961060319397,0.0005920179540677,0.0033787558983763,indeterminate,True
V3,C2,fwd_corr_20,-0.0003564960646487,-0.0009928973186476,0.0002369418893151,indeterminate,0.0099034001458118,-0.0065822054543686,0.0275825189261448,0.0472696840717377,0.0334855449322217,0.0635769591343236,0.0476261801363865,0.0338320101725162,0.0638084838675208,indeterminate,True
V3,C2,fwd_ret_20,1.3256656683089587e-09,-2.5498885489079083e-09,4.7361205291673485e-09,indeterminate,-4.283276488202446e-07,-1.5302586612017144e-06,8.238787448577458e-07,0.0030951340631675,0.0016318174272538,0.0057380019487285,0.0030951327375018,0.0016318155276894,0.005737998951387,indeterminate,False
V3,C3,fwd_vol_5,-6.205815570386694e-05,-0.0001015389873159,-2.7470397548594734e-05,favourable,0.0031701952190164,0.0014033050448453,0.0051870444501916,0.0108357487228957,0.0047116538788766,0.0226571122013448,0.0108978068785996,0.0047665174652332,0.0227113414008987,indeterminate,True
V3,C3,fwd_vol_20,-7.227576596719833e-05,-0.0001211246246967,-2.9233578276445893e-05,favourable,0.0048597161321308,0.0019656227789329,0.0081442415000359,0.0115807938915255,0.0036172916815116,0.0265515445759807,0.0116530696574927,0.0036867460923867,0.0266152679598793,indeterminate,True
V3,C3,fwd_max_drawdown_20,-4.655086352837652e-06,-9.611215129700432e-06,-5.199792009842847e-07,favourable,0.0028701843743103,0.0003206033281684,0.0059259823325481,0.001593937970964,0.0005898889682742,0.0033761276337067,0.0015985930573168,0.0005918532377726,0.0033831406193805,indeterminate,True
V3,C3,fwd_corr_20,-0.0001413655672593,-0.0003781528787122,7.221574419544306e-05,indeterminate,0.0039271114557422,-0.0020061411121035,0.0105050227633442,0.0472696840717377,0.0334855449322217,0.0635769591343236,0.0474110496389971,0.0336442666623216,0.0638619016650353,indeterminate,True
V3,C3,fwd_ret_20,1.552177138236837e-09,1.5288110299711946e-10,3.309901774461885e-09,adverse,-5.015143712830716e-07,-1.0694419254967097e-06,-4.9396469231441524e-08,0.0030951340631675,0.0016318174272538,0.0057380019487285,0.0030951325109903,0.0016318168367421,0.0057379997775946,indeterminate,False
V4,V2,fwd_vol_5,-6.109889562699614e-05,-9.785145195644468e-05,-3.0272408947004248e-05,favourable,0.0031211921238552,0.0015464437352901,0.0049986694198005,0.0108476345822104,0.0047961902018644,0.0226283234383353,0.0109087334778374,0.0048377164097597,0.0226811739515277,indeterminate,True
V4,V2,fwd_vol_20,-6.541063707509976e-05,-0.0001101114144592,-2.7295663144782175e-05,favourable,0.0043981149691458,0.0018353202175969,0.0074037294523074,0.0112855337106803,0.0035750633616661,0.0258287055171458,0.0113509443477554,0.0036272381876424,0.0259339417491558,indeterminate,True
V4,V2,fwd_max_drawdown_20,-4.539242838551531e-06,-9.522557578397888e-06,-4.540451181377072e-07,favourable,0.0027987587939091,0.0002799503821269,0.0058713187883889,0.0015811304010031,0.0005863790091629,0.0033504727951705,0.0015856696438416,0.000589165675963,0.0033572244060842,indeterminate,True
V4,V2,fwd_corr_20,-0.0001963319711163,-0.0003518163105524,-7.098365753757647e-05,favourable,0.0054540688220402,0.0019719139539462,0.0097733973716007,0.0318728019079859,0.0241360610965119,0.0403245823896117,0.0320691338791023,0.0242734426736928,0.0405574250779569,indeterminate,True
V4,V2,fwd_ret_20,1.547948066099191e-09,2.0400291598824855e-10,3.253221594464862e-09,adverse,-5.001479418969052e-07,-1.0511283425072653e-06,-6.591412257751528e-08,0.0030951208473549,0.0016318183614975,0.0057379776538973,0.0030951192994068,0.0016318178163606,0.0057379758675531,indeterminate,False
