strategy,year,return,max_drawdown,n_sessions
V1|VT,2019,0.1818859901460601,-0.0602343398065113,249
V1|RVT,2019,0.1818859901460601,-0.0602343398065113,249
V1|MV,2019,0.0913737149677367,-0.0358969920976889,249
V1p|VT,2019,0.2007713617096349,-0.0600584402122794,249
V1p|RVT,2019,0.2007713617096349,-0.0600584402122794,249
V1p|MV,2019,0.0882828226242591,-0.0336377492655551,249
V2|VT,2019,0.175131803135685,-0.0593245515188124,249
V2|RVT,2019,0.175131803135685,-0.0593245515188124,249
V2|MV,2019,0.08773945727509,-0.0337265821337534,249
V3|VT,2019,0.1824908164252432,-0.0602015401793067,249
V3|RVT,2019,0.1848904870093162,-0.0603609200517482,249
V3|MV,2019,0.0919322743489357,-0.035582759944877,249
V4|VT,2019,0.1757075061717963,-0.0592918431507706,249
V4|RVT,2019,0.1827858241169817,-0.0593476192204852,249
V4|MV,2019,0.0881324230545603,-0.033486213266287,249
C1|VT,2019,0.1777924456978752,-0.0589672781894922,249
C1|RVT,2019,0.1777924456978752,-0.0589672781894922,249
C1|MV,2019,0.0918086264760666,-0.0331342552378994,249
C2|VT,2019,0.1818802603544702,-0.0606638547513809,249
C2|RVT,2019,0.1574685479869353,-0.0654324407152209,249
C2|MV,2019,0.0906896972603852,-0.0359881236584622,249
C3|VT,2019,0.182366891172319,-0.0601943086650819,249
C3|RVT,2019,0.1400403875760132,-0.0634901614393591,249
C3|MV,2019,0.0912962333420395,-0.0361211220273889,249
O1|VT,2019,0.1844565372338149,-0.060913121333806,249
O1|RVT,2019,0.1878861327659293,-0.0641013288049416,249
O1|MV,2019,0.0917563097947806,-0.0351839892733707,249
BM|EqualWeight,2019,0.2113640458606327,-0.0350626574985954,249
BM|SixtyForty,2019,0.2047183944268273,-0.0266808621668659,249
BM|MinVariance,2019,0.0657802306356076,-0.0064477461752868,249
BM|RiskParity,2019,0.1333804672703593,-0.0138718130456529,249
BM|VolTarget,2019,0.160071168827905,-0.0622479918092718,249
BM|BuyHoldSPY,2019,0.2887071900985463,-0.0661834109134137,249
V1|VT,2020,-0.0052778882107218,-0.1685366701065223,253
V1|RVT,2020,-0.0052778882107218,-0.1685366701065223,253
V1|MV,2020,0.0236456711161212,-0.0775970629732987,253
V1p|VT,2020,-0.0149535450707352,-0.1658510607210525,253
V1p|RVT,2020,-0.0149535450707352,-0.1658510607210525,253
V1p|MV,2020,0.0294271414552373,-0.0780385065688785,253
V2|VT,2020,-0.0061384917790976,-0.1678431040453277,253
V2|RVT,2020,-0.0061384917790976,-0.1678431040453277,253
V2|MV,2020,0.0204800665062332,-0.077203171915174,253
V3|VT,2020,-0.005476272298875,-0.1686501012334769,253
V3|RVT,2020,-0.00579910305334,-0.1431815116680412,253
V3|MV,2020,0.0242304165846867,-0.0777458289083771,253
V4|VT,2020,-0.006246211871448,-0.1679671246097335,253
V4|RVT,2020,-0.0079134576103723,-0.1430524621470543,253
V4|MV,2020,0.0210400673682753,-0.0771728850958918,253
C1|VT,2020,-0.0091180927526431,-0.1648706945286916,253
C1|RVT,2020,-0.0091180927526431,-0.1648706945286916,253
C1|MV,2020,0.0209417770293478,-0.0769142484772873,253
C2|VT,2020,-0.0073362042225335,-0.1695779078957121,253
C2|RVT,2020,-0.0425187069110399,-0.1479963418351624,253
C2|MV,2020,0.0222972084355661,-0.0772194437915371,253
C3|VT,2020,-0.0048447233792056,-0.1683777873218088,253
C3|RVT,2020,-0.0597698758722177,-0.1895548600566021,253
C3|MV,2020,0.0236502140772676,-0.0776084263894338,253
O1|VT,2020,-0.0005816143692367,-0.165768993628073,253
O1|RVT,2020,0.0207723831946822,-0.125775134254175,253
O1|MV,2020,0.0251812658343206,-0.0778386033848209,253
BM|EqualWeight,2020,0.1291842676420032,-0.2573761067342157,253
BM|SixtyForty,2020,0.1647384324876197,-0.1941069341899307,253
BM|MinVariance,2020,0.0225555715280574,-0.0478564908740004,253
BM|RiskParity,2020,0.0808638389075004,-0.1318432775336743,253
BM|VolTarget,2020,-0.0708360807572779,-0.2263757165429869,253
BM|BuyHoldSPY,2020,0.1833165201798527,-0.3371725063561864,253
V1|VT,2021,0.1961240087818834,-0.0411123707166418,252
V1|RVT,2021,0.1961240087818834,-0.0411123707166418,252
V1|MV,2021,-0.0170813786797704,-0.0622629078071564,252
V1p|VT,2021,0.2115508077154941,-0.0387668694728297,252
V1p|RVT,2021,0.2115508077154941,-0.0387668694728297,252
V1p|MV,2021,-0.0037560903794968,-0.0755841330932902,252
V2|VT,2021,0.1933601877855919,-0.0412566814278534,252
V2|RVT,2021,0.1933601877855919,-0.0412566814278534,252
V2|MV,2021,-0.0190639210570126,-0.0602550682776936,252
V3|VT,2021,0.1962029927343911,-0.0412485151222273,252
V3|RVT,2021,0.1970071222866649,-0.0434597787953208,252
V3|MV,2021,-0.0159199219081145,-0.0617897978267775,252
V4|VT,2021,0.1932811010643764,-0.0413254217597349,252
V4|RVT,2021,0.196515486462397,-0.0440035968205795,252
V4|MV,2021,-0.0181393910416135,-0.0598373980958391,252
C1|VT,2021,0.1757037035699977,-0.0376470929441827,252
C1|RVT,2021,0.1757037035699977,-0.0376470929441827,252
C1|MV,2021,-0.0122727461526251,-0.05337094877258,252
C2|VT,2021,0.1883284687671194,-0.0413091951831369,252
C2|RVT,2021,0.1118505325292213,-0.0420585862200757,252
C2|MV,2021,-0.0248905055416787,-0.0632086262362277,252
C3|VT,2021,0.1966152317987282,-0.0407336471690482,252
C3|RVT,2021,0.191087017667356,-0.0490300915075072,252
C3|MV,2021,-0.0157029945620278,-0.0618624395377056,252
O1|VT,2021,0.1978328476332347,-0.0409678807610812,252
O1|RVT,2021,0.2033824836202171,-0.0442054236280163,252
O1|MV,2021,-0.015072205316107,-0.063236470765009,252
BM|EqualWeight,2021,0.1887787503466527,-0.0338253271621664,252
BM|SixtyForty,2021,0.1508280976215741,-0.0368462492231669,252
BM|MinVariance,2021,0.0059880669944591,-0.0175339322597778,252
BM|RiskParity,2021,0.0862780202376882,-0.0261830247399033,252
BM|VolTarget,2021,0.2150776117534247,-0.0400480039302474,252
BM|BuyHoldSPY,2021,0.2872875984111962,-0.0511411766609315,252
V1|VT,2022,-0.0667619376580453,-0.1290891684909614,251
V1|RVT,2022,-0.0667619376580453,-0.1290891684909614,251
V1|MV,2022,0.0065984339577087,-0.0604343586747013,251
V1p|VT,2022,-0.0820690536178344,-0.1650350015276838,251
V1p|RVT,2022,-0.0820690536178344,-0.1650350015276838,251
V1p|MV,2022,0.0098717120663687,-0.088099227771123,251
V2|VT,2022,-0.0663948280344628,-0.1289281826784538,251
V2|RVT,2022,-0.0663948280344628,-0.1289281826784538,251
V2|MV,2022,0.0073188049835308,-0.0600376215551665,251
V3|VT,2022,-0.0661566048941628,-0.1272941281867881,251
V3|RVT,2022,-0.0507744898900882,-0.0941480998125038,251
V3|MV,2022,0.0068334557110707,-0.0600180992224115,251
V4|VT,2022,-0.0658716820536988,-0.1274448989107934,251
V4|RVT,2022,-0.0502066361434577,-0.0928290343891238,251
V4|MV,2022,0.0089010028365414,-0.0590645813533443,251
C1|VT,2022,-0.0681190515838918,-0.1233179403634248,251
C1|RVT,2022,-0.0681190515838918,-0.1233179403634248,251
C1|MV,2022,0.0130254627187191,-0.055931300527237,251
C2|VT,2022,-0.0651886588422724,-0.1273819227260753,251
C2|RVT,2022,-0.0343888493704568,-0.07805389527751,251
C2|MV,2022,0.0072982679539785,-0.0592409558062554,251
C3|VT,2022,-0.0667793561292512,-0.1291726596723655,251
C3|RVT,2022,-0.0526775087176998,-0.1153738291184368,251
C3|MV,2022,0.0055793093878522,-0.0605435527607634,251
O1|VT,2022,-0.0621670033339217,-0.1233838693267597,251
O1|RVT,2022,-0.035010399299328,-0.081741314618367,251
O1|MV,2022,0.0139528544491631,-0.0553827872921854,251
BM|EqualWeight,2022,-0.0737416679536269,-0.1515723934290138,251
BM|SixtyForty,2022,-0.1657536927713169,-0.2083303842656984,251
BM|MinVariance,2022,-0.040964767762327,-0.0658144622360507,251
BM|RiskParity,2022,-0.0686470194337774,-0.1197452730491607,251
BM|VolTarget,2022,-0.0373724324867317,-0.098773178704122,251
BM|BuyHoldSPY,2022,-0.1817538011259952,-0.2449637690850994,251
V1|VT,2023,0.0455200766599543,-0.0782727885188684,225
V1|RVT,2023,0.0455200766599543,-0.0782727885188684,225
V1|MV,2023,0.0371179774135628,-0.0172637033282924,225
V1p|VT,2023,0.0431047690152075,-0.0848529288772554,225
V1p|RVT,2023,0.0431047690152075,-0.0848529288772554,225
V1p|MV,2023,0.0394505641754294,-0.0180446467421682,225
V2|VT,2023,0.0439824975385976,-0.076589932130628,225
V2|RVT,2023,0.0439824975385976,-0.076589932130628,225
V2|MV,2023,0.0374006068904657,-0.01527456319751,225
V3|VT,2023,0.0467591859465839,-0.0790705525966321,225
V3|RVT,2023,0.0495880007294968,-0.0874510935538609,225
V3|MV,2023,0.0370929479095623,-0.0183876783273949,225
V4|VT,2023,0.0450456413643289,-0.0773931862495147,225
V4|RVT,2023,0.0489199929326364,-0.0854607954326704,225
V4|MV,2023,0.03736614390015,-0.016320262941771,225
C1|VT,2023,0.0456302550455172,-0.0742110912592721,225
C1|RVT,2023,0.0456302550455172,-0.0742110912592721,225
C1|MV,2023,0.0379356110901107,-0.0137496059232347,225
C2|VT,2023,0.0472630665130182,-0.0785640406446749,225
C2|RVT,2023,0.0505930925299271,-0.0787993767191684,225
C2|MV,2023,0.0375616498841675,-0.0197983499924835,225
C3|VT,2023,0.0450693689834167,-0.0780034151938952,225
C3|RVT,2023,0.0575990381839532,-0.0911742460244269,225
C3|MV,2023,0.0369946758585699,-0.0169404297324574,225
O1|VT,2023,0.0514244963845156,-0.0813913773021601,225
O1|RVT,2023,0.0622449311572483,-0.0916711499024646,225
O1|MV,2023,0.0380306287796174,-0.021294073353333,225
BM|EqualWeight,2023,0.0643057610320509,-0.0851643808624467,225
BM|SixtyForty,2023,0.1160080356022599,-0.0827811396801952,225
BM|MinVariance,2023,0.0333465530674372,-0.0176321422715695,225
BM|RiskParity,2023,0.0443096743982169,-0.0587654016038158,225
BM|VolTarget,2023,0.0507186317410508,-0.0998754348464314,225
BM|BuyHoldSPY,2023,0.2030185805655346,-0.0997431814191626,225
