strategy,n_periods,cumulative_return,annualised_return,annualised_vol,sharpe,sortino,calmar,max_drawdown,drawdown_duration,var_95,cvar_95,hit_rate,tail_ratio,turnover_annualised,gross_annualised_return,cost_drag_annualised,sharpe_ci_lo,sharpe_ci_hi,max_drawdown_ci_lo,max_drawdown_ci_hi,cvar_95_ci_lo,cvar_95_ci_hi,annualised_return_ci_lo,annualised_return_ci_hi
V1|VT,1230,0.3720766843505709,0.0669542934042333,0.1163424170387129,0.6154059232116147,0.8339721345200526,0.3972684007694916,-0.1685366701065218,416,-0.0123095779350287,-0.0183608105827045,0.5544715447154471,0.8720853319686335,4.979189518826546,0.0696112781871751,0.0026569847829418,-0.2635253879844625,1.5168524924174802,-0.3602952023627222,-0.0963890985084734,-0.0219865981370983,-0.0152426969333414,-0.0399247345347448,0.1743831464507969
V1|RVT,1230,0.3720766843505709,0.0669542934042333,0.1163424170387129,0.6154059232116147,0.8339721345200526,0.3972684007694916,-0.1685366701065218,416,-0.0123095779350287,-0.0183608105827045,0.5544715447154471,0.8720853319686335,4.979189518826546,0.0696112781871751,0.0026569847829418,-0.2635253879844625,1.5168524924174802,-0.3602952023627222,-0.0963890985084734,-0.0219865981370983,-0.0152426969333414,-0.0399247345347448,0.1743831464507969
V1|MV,1230,0.146370811495585,0.0283818775255291,0.0727161583259432,0.421304105264039,0.5596089226776728,0.269023088658969,-0.105499783185925,811,-0.0077612009009924,-0.0124227711393877,0.5764227642276423,0.8548637340304458,10.063033340046236,0.0335675548195539,0.0051856772940248,-0.3064534857084117,1.2033244946679205,-0.2185976273742658,-0.0622629078071564,-0.0145805096096046,-0.0099103756869637,-0.0254141858293703,0.085243025277657
V1p|VT,1230,0.3721342591816416,0.0669634659162139,0.1232944352553313,0.5875163534846087,0.8019383271308678,0.4037566333617907,-0.1658510607210521,416,-0.0121736540309047,-0.0194721274746684,0.5544715447154471,0.956946139135188,5.2642698456226125,0.0697712775646983,0.0028078116484844,-0.3056390461792731,1.4786689111445257,-0.3926774461383663,-0.1079311785311658,-0.0233345573317252,-0.0159393492600648,-0.0483054172155061,0.180667152761506
V1p|RVT,1230,0.3721342591816416,0.0669634659162139,0.1232944352553313,0.5875163534846087,0.8019383271308678,0.4037566333617907,-0.1658510607210521,416,-0.0121736540309047,-0.0194721274746684,0.5544715447154471,0.956946139135188,5.2642698456226125,0.0697712775646983,0.0028078116484844,-0.3056390461792731,1.4786689111445257,-0.3926774461383663,-0.1079311785311658,-0.0233345573317252,-0.0159393492600648,-0.0483054172155061,0.180667152761506
V1p|MV,1230,0.1715831441073658,0.0329756913837131,0.0802529981603303,0.4444923533272942,0.5900118619474646,0.3005973153609545,-0.1097005518632667,402,-0.0087107375255705,-0.0137222084318868,0.5739837398373984,0.8572507627231961,11.310369232487789,0.0388322460795298,0.0058565546958166,-0.3060191191722058,1.196887002549538,-0.238653523716263,-0.0715058606959761,-0.0158863387739081,-0.0111282039758967,-0.0267561929625981,0.0932663947703542
V2|VT,1230,0.3584400045856133,0.0647730990694479,0.1145030053199478,0.6055564026246477,0.8196603864025002,0.385914568476731,-0.1678431040453283,416,-0.011898266334334,-0.018146230737059,0.5544715447154471,0.8805783528513066,4.937779447026914,0.0674031123854572,0.0026300133160093,-0.272210564826454,1.5080996791099976,-0.36052330544939,-0.095027935447941,-0.0217048799513837,-0.0150402698264285,-0.0404464585455386,0.169207788557007
V2|RVT,1230,0.3584400045856133,0.0647730990694479,0.1145030053199478,0.6055564026246477,0.8196603864025002,0.385914568476731,-0.1678431040453283,416,-0.011898266334334,-0.018146230737059,0.5544715447154471,0.8805783528513066,4.937779447026914,0.0674031123854572,0.0026300133160093,-0.272210564826454,1.5080996791099976,-0.36052330544939,-0.095027935447941,-0.0217048799513837,-0.0150402698264285,-0.0404464585455386,0.169207788557007
V2|MV,1230,0.1378461806412112,0.0268104727832487,0.0705710815646682,0.4102542037498761,0.5449815824186903,0.2605085181623264,-0.1029159160413434,811,-0.0074723616208621,-0.0120802005705832,0.5804878048780487,0.828369423048394,9.886181217311888,0.0318968571483884,0.0050863843651396,-0.3216313677317609,1.19728570050007,-0.2159805695749588,-0.0606968215914064,-0.014224985634202,-0.0096347848749991,-0.0256249701036878,0.0823136477823989
V3|VT,1230,0.375113806586848,0.0674377341885652,0.1162201800633686,0.6198293857965672,0.8401853497267661,0.3998677361907148,-0.1686501012334768,416,-0.0123791582839378,-0.0183233405395908,0.5544715447154471,0.8700230455425111,4.97839258868089,0.0700954995009157,0.0026577653123505,-0.2655822786154541,1.5209342341332426,-0.3586679485659759,-0.0959580070350272,-0.0218927972544556,-0.0152209633738615,-0.0391809486138058,0.1744157010060986
V3|RVT,1230,0.4048739385779456,0.0721305060112067,0.1074832473729973,0.7019062711261186,0.9596988394350592,0.5037696918470703,-0.143181511668041,384,-0.0103964068370457,-0.0167417715821772,0.5536585365853659,0.9589686438882944,6.164217662396377,0.0754353244540109,0.0033048184428041,-0.1874152392668422,1.621570625020863,-0.3118129405666076,-0.0834985582401566,-0.0199537322635228,-0.0140837675404633,-0.0281582909844548,0.1714897662266222
V3|MV,1230,0.1492092972183436,0.0289030534526124,0.072715154906937,0.428277586693816,0.5690871274138828,0.272673089865911,-0.1059989215174322,811,-0.0077359955575545,-0.0124081824998749,0.5772357723577236,0.8624136245117733,10.112142444874566,0.034116758925649,0.0052137054730365,-0.2989563578390852,1.2162170986905436,-0.2183839937053137,-0.0623435527297661,-0.0145514194415924,-0.00990734854176,-0.0250978808423865,0.0859183849303356
V4|VT,1230,0.3610141692981301,0.0651861669623594,0.1144398746991091,0.6092173519926427,0.8247966603444687,0.3880888424673434,-0.1679671246097334,416,-0.0119208747769744,-0.0181205618060119,0.5544715447154471,0.876616494256658,4.940197950415368,0.0678184821203995,0.00263231515804,-0.2700971833949968,1.51210195181618,-0.3593718627525243,-0.0947485319484507,-0.0216318832419363,-0.0150537610840074,-0.0399555176487001,0.1692920178202702
V4|RVT,1230,0.3987673535196834,0.0711740699515837,0.1063675761670115,0.6997534311438551,0.9559679378634444,0.4975382379536982,-0.1430524621470547,384,-0.0104674936812785,-0.0166024100930987,0.5536585365853659,0.9517450956626288,6.195371910759463,0.0744925610071827,0.003318491055599,-0.1888936664792115,1.6181949193262484,-0.308912989404543,-0.0826111937690819,-0.0198111049574905,-0.013939125381286,-0.0280186411359385,0.1687826170494651
V4|MV,1230,0.1417078753429532,0.0275234816205653,0.0705640701070652,0.4201258965625741,0.558537155981502,0.265995568570384,-0.103473459232771,811,-0.0073821801491625,-0.0120570763074782,0.5788617886178862,0.8414199478039318,9.932454266497288,0.0326372846790845,0.0051138030585191,-0.31338132445651,1.2094220854457716,-0.214561535896714,-0.0608320453499708,-0.0142101259496506,-0.0096127646866551,-0.0248795713709738,0.0821589894632536
C1|VT,1230,0.3369868115709624,0.0613061452384982,0.1094029139600049,0.5987434237409327,0.8075463736741211,0.3718437980367033,-0.1648706945286926,474,-0.0116157165574326,-0.0173240134800462,0.5536585365853659,0.8576643314063728,4.916833598372451,0.0639167054734604,0.0026105602349622,-0.2928660615834157,1.5057409777850188,-0.3513027454586593,-0.0907424203395752,-0.0208731586235003,-0.0142796773237372,-0.0413155360555743,0.1599792701314221
C1|RVT,1230,0.3369868115709624,0.0613061452384982,0.1094029139600049,0.5987434237409327,0.8075463736741211,0.3718437980367033,-0.1648706945286926,474,-0.0116157165574326,-0.0173240134800462,0.5536585365853659,0.8576643314063728,4.916833598372451,0.0639167054734604,0.0026105602349622,-0.2928660615834157,1.5057409777850188,-0.3513027454586593,-0.0907424203395752,-0.0208731586235003,-0.0142796773237372,-0.0413155360555743,0.1599792701314221
C1|MV,1230,0.1576447549333557,0.0304458752136971,0.065675327779042,0.4895565917723579,0.6578812855949111,0.3511878133444244,-0.0866939969350177,811,-0.0065028515086501,-0.01103200754,0.5788617886178862,0.913476969321558,9.692648519895837,0.0354497428227711,0.005003867609074,-0.2468619476984438,1.2692553900849752,-0.1908336969711646,-0.0543976973612372,-0.0131673016362015,-0.0086616991390861,-0.0191392339858117,0.080920158052189
C2|VT,1230,0.364871997999864,0.065804058701401,0.1150306255634311,0.6117222023328205,0.8284293899052867,0.3880461760494748,-0.1695779078957119,416,-0.0120664750067537,-0.0181267296651204,0.5544715447154471,0.8776123680897372,4.9519277961737656,0.0684435314443501,0.002639472742949,-0.2697852376798967,1.5119645788353246,-0.3596813484786193,-0.094627611978952,-0.0217126865438728,-0.0150524101324677,-0.0398495712871782,0.1712614754957875
C2|RVT,1230,0.2500365686717218,0.0467846302877719,0.0915789887716211,0.5451840789890227,0.7352554445104547,0.3161201804560855,-0.1479963418351619,373,-0.0092141572954051,-0.0144336776252313,0.5544715447154471,0.8314079010978479,5.452002832647347,0.0496374854550956,0.0028528551673236,-0.3628521736988965,1.4966793297893697,-0.3260393209484357,-0.073349446800173,-0.0179791905879592,-0.0118381526809291,-0.0403318979049966,0.1290628488574735
C2|MV,1230,0.1363281592342557,0.0265296641028836,0.0715888957157142,0.4016132125882041,0.533398113505166,0.2618043423161829,-0.1013339346023662,811,-0.0075402251342294,-0.012223945759707,0.5756097560975609,0.8771357846690297,10.173444897205012,0.0317628107719694,0.0052331466690858,-0.3339049051299492,1.189092158642788,-0.2166157554336771,-0.0624595900397344,-0.0143527874526044,-0.0097691306487388,-0.0268348588008158,0.0817365600440187
C3|VT,1230,0.3731788094931532,0.0671298249293264,0.1162832168730774,0.6170743902022902,0.836365257576652,0.3986857530145946,-0.1683777873218083,416,-0.012282695269796,-0.0183476709371233,0.5544715447154471,0.8758075644614175,4.970947237361907,0.0697828966102795,0.0026530716809531,-0.2636672226850312,1.5178153731478263,-0.3593651500136856,-0.0961887562929168,-0.0219535363779633,-0.0152269806954468,-0.0396627736733912,0.1744636802172499
C3|RVT,1230,0.2791361866160529,0.0517315504814495,0.1199405082596648,0.4806797874273216,0.6475201993244322,0.2729107049326101,-0.1895548600566019,327,-0.0122648434919364,-0.0191109229461157,0.5536585365853659,0.9299232880933626,8.426441468442027,0.0561657816721521,0.0044342311907026,-0.3963097048667781,1.3854669078803683,-0.4153360595535712,-0.0977055745149489,-0.0237687943325508,-0.0155027666744206,-0.0598385420424034,0.1571806393636156
C3|MV,1230,0.1466034840926975,0.0284246372522765,0.0726124114029601,0.4223747205338212,0.5609965616305791,0.2701518895743523,-0.1052172438884732,811,-0.0077234693808106,-0.01240304428847,0.5764227642276423,0.8548191094970973,10.026650256549718,0.0335917752281731,0.0051671379758966,-0.3048747265827976,1.205235914231516,-0.2184458202194242,-0.0618624395377056,-0.014555735742644,-0.009898957660593,-0.0251792730909074,0.0854955958212603
O1|VT,1230,0.3981902913870432,0.0710835167496517,0.1146795052702726,0.6563369337383431,0.8918027639434382,0.4288106912752203,-0.1657689936280734,416,-0.0122419280839323,-0.0179912538357161,0.5536585365853659,0.8742162302525409,4.836278963764497,0.0736749133915244,0.0025913966418726,-0.2294705641206591,1.5655823303149183,-0.3479761896833012,-0.0934367901924282,-0.0213735092603245,-0.0150265862000446,-0.0340957012564515,0.1757264998218824
O1|RVT,1230,0.4957351867079824,0.0859851630921424,0.1017496927134342,0.8617617840389157,1.1915292433391351,0.6836419901439181,-0.1257751342541746,362,-0.0101288618543172,-0.0156500918030606,0.5544715447154471,0.979133835244542,5.154060537871414,0.0887870663909939,0.0028019032988515,-0.0258405209425514,1.736274025422519,-0.2692043491640366,-0.0792370952903058,-0.0178983543154631,-0.0135173101191666,-0.0082359988774067,0.1801566458388481
O1|MV,1230,0.1602690181634714,0.0309240224568534,0.0722772077559825,0.4575836364401446,0.6095676677541988,0.2895919068691707,-0.1067848296976891,811,-0.0076517629061093,-0.0122892609191915,0.5756097560975609,0.866891977151823,10.156105123675918,0.0361705706689463,0.0052465482120929,-0.2787114157511047,1.2368245825961248,-0.2131394064555051,-0.0626605886558232,-0.0143909880665634,-0.0098208271641058,-0.0232429525194526,0.0867949961721101
BM|EqualWeight,1230,0.603020484371529,0.1015076487834145,0.1437830076900969,0.7446182056949405,1.0409446722195064,0.3943942196943653,-0.2573761067342154,328,-0.0125679967112183,-0.0213654281570703,0.5504065040650407,0.9379717783709324,0.6027411080455214,0.1018401541698108,0.0003325053863962,-0.1113967537672016,1.7455026207278004,-0.4346491734641585,-0.0951852677299444,-0.0309086558577079,-0.0146561417961835,-0.0327869312691812,0.2317232835823884
BM|SixtyForty,1230,0.5034397162051854,0.087128892253383,0.1263610605157267,0.7245103081830844,1.01471112722437,0.4117471832483749,-0.2116077432904379,480,-0.0119547211919272,-0.0192017042821332,0.5447154471544715,0.923131442249157,0.4573745390664083,0.0873779386313176,0.0002490463779345,-0.1361196113543596,1.7157544824317443,-0.3765098551003776,-0.0963266670885916,-0.0259438377761796,-0.0140420998797444,-0.028777017465052,0.2048638107220483
BM|MinVariance,1230,0.0864955853780209,0.0171414185636595,0.0283884039811472,0.6129103455080689,0.863428826804837,0.2595296883517027,-0.0660480065788478,514,-0.0026028547903736,-0.0040779913975696,0.551219512195122,0.9732942351268646,1.5224191116016466,0.0179159554620724,0.0007745368984128,-0.2995879758750697,1.6508395597116818,-0.1081725879054009,-0.0255671059167285,-0.0054479520994706,-0.0030891097344403,-0.0091507472241799,0.0440438881044272
BM|RiskParity,1230,0.2942891583764428,0.0542722050355075,0.0780526384569923,0.7162427612546679,0.998589653874042,0.411641807233179,-0.1318432775336749,476,-0.0069924467861489,-0.0115702811962181,0.5593495934959349,0.9486086326492068,0.8558397926755041,0.0547236373995831,0.0004514323640756,-0.1539424839610246,1.7225828716609937,-0.265217544757295,-0.060923371558623,-0.0161816346891939,-0.0083913841596129,-0.0182363975319701,0.1234752671049418
BM|VolTarget,1230,0.324724955294239,0.059304650109883,0.1133817487978631,0.5651081457953088,0.755667572250396,0.2619744335458414,-0.2263757165429872,314,-0.0109313539532803,-0.0176116042416051,0.5552845528455285,0.9315353419817356,1.5380119097072302,0.0601192472211837,0.0008145971113007,-0.383979457937472,1.5955120916200158,-0.4276822315884505,-0.0831530944705586,-0.0243906349541076,-0.0131430437086308,-0.0591037996279761,0.1571000322681363
BM|BuyHoldSPY,1230,0.9323558050077188,0.1444925395500342,0.2110502822303832,0.745670383100911,1.0404203926082092,0.4285418793826374,-0.3371725063561861,475,-0.0193626887016418,-0.0322843861878659,0.5455284552845528,0.9299463799225686,0.2048780487804878,0.1446098046014108,0.0001172650513765,-0.0436383665913083,1.7199599258589482,-0.5496083019952585,-0.1392547171852281,-0.0449365803796342,-0.0229259334750079,-0.0417029098589081,0.3368316659336711
